{
  "meta": {
    "source": "BRFSS 2024",
    "year": 2024,
    "method": "weighted_logit",
    "features": [
      "sex",
      "age_band",
      "region"
    ],
    "minAge": 18,
    "universeLabel": "Adults 18+",
    "regionSupport": "modeled",
    "generatedAt": "2026-01-04T03:07:43.579815+00:00",
    "definition": "Has at least one of: diabetes, asthma, COPD, heart disease, stroke, kidney disease, cancer, or arthritis.",
    "implied_prevalence": 0.4482
  },
  "prob_by_cell": {
    "ne_male_18_24": 0.199763,
    "ne_male_25_34": 0.224686,
    "ne_male_35_44": 0.285813,
    "ne_male_45_54": 0.410874,
    "ne_male_55_64": 0.55992,
    "ne_male_65_plus": 0.671917,
    "ne_female_18_24": 0.235313,
    "ne_female_25_34": 0.263212,
    "ne_female_35_44": 0.330355,
    "ne_female_45_54": 0.462289,
    "ne_female_55_64": 0.610654,
    "ne_female_65_plus": 0.716282,
    "mw_male_18_24": 0.218593,
    "mw_male_25_34": 0.245145,
    "mw_male_35_44": 0.309616,
    "mw_male_45_54": 0.438694,
    "mw_male_55_64": 0.587764,
    "mw_male_65_plus": 0.696515,
    "mw_female_18_24": 0.25642,
    "mw_female_25_34": 0.285886,
    "mw_female_35_44": 0.356017,
    "mw_female_45_54": 0.490691,
    "mw_female_55_64": 0.637367,
    "mw_female_65_plus": 0.738847,
    "so_male_18_24": 0.214586,
    "so_male_25_34": 0.240801,
    "so_male_35_44": 0.304591,
    "so_male_45_54": 0.432887,
    "so_male_55_64": 0.58203,
    "so_male_65_plus": 0.6915,
    "so_female_18_24": 0.251943,
    "so_female_25_34": 0.281089,
    "so_female_35_44": 0.350622,
    "so_female_45_54": 0.484791,
    "so_female_55_64": 0.631891,
    "so_female_65_plus": 0.734264,
    "we_male_18_24": 0.19207,
    "we_male_25_34": 0.216292,
    "we_male_35_44": 0.275949,
    "we_male_45_54": 0.399105,
    "we_male_55_64": 0.547852,
    "we_male_65_plus": 0.661061,
    "we_female_18_24": 0.226638,
    "we_female_25_34": 0.25385,
    "we_female_35_44": 0.319641,
    "we_female_45_54": 0.450173,
    "we_female_55_64": 0.598981,
    "we_female_65_plus": 0.706252,
    "ne_male_0_14": 0.0,
    "ne_male_15_17": 0.0,
    "ne_female_0_14": 0.0,
    "ne_female_15_17": 0.0,
    "mw_male_0_14": 0.0,
    "mw_male_15_17": 0.0,
    "mw_female_0_14": 0.0,
    "mw_female_15_17": 0.0,
    "so_male_0_14": 0.0,
    "so_male_15_17": 0.0,
    "so_female_0_14": 0.0,
    "so_female_15_17": 0.0,
    "we_male_0_14": 0.0,
    "we_male_15_17": 0.0,
    "we_female_0_14": 0.0,
    "we_female_15_17": 0.0
  }
}