{
  "meta": {
    "source": "BRFSS 2024",
    "year": 2024,
    "method": "weighted_logit",
    "features": [
      "sex",
      "age_band",
      "region"
    ],
    "minAge": 18,
    "universeLabel": "Adults 18+",
    "regionSupport": "modeled",
    "generatedAt": "2026-01-04T03:07:36.724730+00:00",
    "definition": "Drank alcohol at least once in past 30 days. Uses _DRNKANY5 or ALCDAY5-based derivation.",
    "implied_prevalence": 0.5163
  },
  "prob_by_cell": {
    "ne_male_18_24": 0.542564,
    "ne_male_25_34": 0.666159,
    "ne_male_35_44": 0.646579,
    "ne_male_45_54": 0.63243,
    "ne_male_55_64": 0.58961,
    "ne_male_65_plus": 0.508952,
    "ne_female_18_24": 0.447485,
    "ne_female_25_34": 0.576728,
    "ne_female_35_44": 0.555403,
    "ne_female_45_54": 0.5402,
    "ne_female_55_64": 0.495212,
    "ne_female_65_plus": 0.414426,
    "mw_male_18_24": 0.532481,
    "mw_male_25_34": 0.657079,
    "mw_male_35_44": 0.637256,
    "mw_male_45_54": 0.622952,
    "mw_male_55_64": 0.579761,
    "mw_male_65_plus": 0.498812,
    "mw_female_18_24": 0.437479,
    "mw_female_25_34": 0.566797,
    "mw_female_35_44": 0.545367,
    "mw_female_45_54": 0.53011,
    "mw_female_55_64": 0.485076,
    "mw_female_65_plus": 0.404618,
    "so_male_18_24": 0.485721,
    "so_male_25_34": 0.61374,
    "so_male_35_44": 0.592965,
    "so_male_45_54": 0.57807,
    "so_male_55_64": 0.533588,
    "so_male_65_plus": 0.452149,
    "so_female_18_24": 0.392065,
    "so_female_25_34": 0.520377,
    "so_female_35_44": 0.498682,
    "so_female_45_54": 0.483343,
    "so_female_55_64": 0.438573,
    "so_female_65_plus": 0.36043,
    "we_male_18_24": 0.507247,
    "we_male_25_34": 0.633946,
    "we_male_35_44": 0.613573,
    "we_male_45_54": 0.598922,
    "we_male_55_64": 0.554946,
    "we_male_65_plus": 0.473557,
    "we_female_18_24": 0.412772,
    "we_female_25_34": 0.54182,
    "we_female_35_44": 0.520201,
    "we_female_45_54": 0.504867,
    "we_female_55_64": 0.459878,
    "we_female_65_plus": 0.380511,
    "ne_male_0_14": 0.0,
    "ne_male_15_17": 0.0,
    "ne_female_0_14": 0.0,
    "ne_female_15_17": 0.0,
    "mw_male_0_14": 0.0,
    "mw_male_15_17": 0.0,
    "mw_female_0_14": 0.0,
    "mw_female_15_17": 0.0,
    "so_male_0_14": 0.0,
    "so_male_15_17": 0.0,
    "so_female_0_14": 0.0,
    "so_female_15_17": 0.0,
    "we_male_0_14": 0.0,
    "we_male_15_17": 0.0,
    "we_female_0_14": 0.0,
    "we_female_15_17": 0.0
  }
}