{
  "meta": {
    "source": "ATUS 2024",
    "year": 2024,
    "method": "weighted_logit",
    "features": [
      "sex_key",
      "age_band"
    ],
    "minAge": 18,
    "universeLabel": "Adults 18+",
    "regionSupport": "national_only",
    "generatedAt": "2026-01-04T01:55:48.027053+00:00",
    "definition": "Spent any time on animal/pet care activities today (caring for & helping animals, playing with animals, etc.).",
    "columns_used": [
      "t060202",
      "t060499",
      "t060103",
      "t060402",
      "t060101",
      "t060301",
      "t060302",
      "t069999",
      "t060299",
      "t060102"
    ],
    "threshold_minutes": 1,
    "implied_prevalence": 0.0575,
    "notes": "Region term excluded; national model."
  },
  "prob_by_cell": {
    "ne_male_18_24": 0.27252,
    "ne_male_25_34": 0.061452,
    "ne_male_35_44": 0.027626,
    "ne_male_45_54": 0.010753,
    "ne_male_55_64": 0.008231,
    "ne_male_65_plus": 0.006167,
    "ne_female_18_24": 0.326706,
    "ne_female_25_34": 0.078181,
    "ne_female_35_44": 0.035494,
    "ne_female_45_54": 0.013885,
    "ne_female_55_64": 0.010636,
    "ne_female_65_plus": 0.007973,
    "mw_male_18_24": 0.27252,
    "mw_male_25_34": 0.061452,
    "mw_male_35_44": 0.027626,
    "mw_male_45_54": 0.010753,
    "mw_male_55_64": 0.008231,
    "mw_male_65_plus": 0.006167,
    "mw_female_18_24": 0.326706,
    "mw_female_25_34": 0.078181,
    "mw_female_35_44": 0.035494,
    "mw_female_45_54": 0.013885,
    "mw_female_55_64": 0.010636,
    "mw_female_65_plus": 0.007973,
    "so_male_18_24": 0.27252,
    "so_male_25_34": 0.061452,
    "so_male_35_44": 0.027626,
    "so_male_45_54": 0.010753,
    "so_male_55_64": 0.008231,
    "so_male_65_plus": 0.006167,
    "so_female_18_24": 0.326706,
    "so_female_25_34": 0.078181,
    "so_female_35_44": 0.035494,
    "so_female_45_54": 0.013885,
    "so_female_55_64": 0.010636,
    "so_female_65_plus": 0.007973,
    "we_male_18_24": 0.27252,
    "we_male_25_34": 0.061452,
    "we_male_35_44": 0.027626,
    "we_male_45_54": 0.010753,
    "we_male_55_64": 0.008231,
    "we_male_65_plus": 0.006167,
    "we_female_18_24": 0.326706,
    "we_female_25_34": 0.078181,
    "we_female_35_44": 0.035494,
    "we_female_45_54": 0.013885,
    "we_female_55_64": 0.010636,
    "we_female_65_plus": 0.007973,
    "ne_male_0_17": 0.0,
    "ne_female_0_17": 0.0,
    "mw_male_0_17": 0.0,
    "mw_female_0_17": 0.0,
    "so_male_0_17": 0.0,
    "so_female_0_17": 0.0,
    "we_male_0_17": 0.0,
    "we_female_0_17": 0.0
  }
}