{
  "meta": {
    "source": "ATUS",
    "year": 2024,
    "method": "weighted_logit",
    "features": [
      "sex_key",
      "age_band"
    ],
    "generatedAt": "2025-12-30T06:30:59.867879+00:00",
    "definition": "Respondents with at least 60 minutes per day caring for/helping household children. Derived from activity summary columns (t0301* preferred, falling back to t03* if needed).",
    "childcare_columns": [
      "t030101",
      "t030102",
      "t030103",
      "t030104",
      "t030105",
      "t030106",
      "t030108",
      "t030109",
      "t030110",
      "t030111",
      "t030112",
      "t030199"
    ],
    "notes": "Region term excluded because no usable region column was present."
  },
  "prob_by_cell": {
    "ne_male_18_24": 0.049937,
    "ne_male_25_34": 0.142384,
    "ne_male_35_44": 0.232838,
    "ne_male_45_54": 0.074891,
    "ne_male_55_64": 0.011174,
    "ne_male_65_plus": 0.003861,
    "ne_female_18_24": 0.096318,
    "ne_female_25_34": 0.251865,
    "ne_female_35_44": 0.380975,
    "ne_female_45_54": 0.141008,
    "ne_female_55_64": 0.022401,
    "ne_female_65_plus": 0.007799,
    "mw_male_18_24": 0.049937,
    "mw_male_25_34": 0.142384,
    "mw_male_35_44": 0.232838,
    "mw_male_45_54": 0.074891,
    "mw_male_55_64": 0.011174,
    "mw_male_65_plus": 0.003861,
    "mw_female_18_24": 0.096318,
    "mw_female_25_34": 0.251865,
    "mw_female_35_44": 0.380975,
    "mw_female_45_54": 0.141008,
    "mw_female_55_64": 0.022401,
    "mw_female_65_plus": 0.007799,
    "so_male_18_24": 0.049937,
    "so_male_25_34": 0.142384,
    "so_male_35_44": 0.232838,
    "so_male_45_54": 0.074891,
    "so_male_55_64": 0.011174,
    "so_male_65_plus": 0.003861,
    "so_female_18_24": 0.096318,
    "so_female_25_34": 0.251865,
    "so_female_35_44": 0.380975,
    "so_female_45_54": 0.141008,
    "so_female_55_64": 0.022401,
    "so_female_65_plus": 0.007799,
    "we_male_18_24": 0.049937,
    "we_male_25_34": 0.142384,
    "we_male_35_44": 0.232838,
    "we_male_45_54": 0.074891,
    "we_male_55_64": 0.011174,
    "we_male_65_plus": 0.003861,
    "we_female_18_24": 0.096318,
    "we_female_25_34": 0.251865,
    "we_female_35_44": 0.380975,
    "we_female_45_54": 0.141008,
    "we_female_55_64": 0.022401,
    "we_female_65_plus": 0.007799
  }
}