{
  "meta": {
    "source": "BRFSS 2024",
    "year": 2024,
    "method": "weighted_logit",
    "features": [
      "sex",
      "age_band",
      "region"
    ],
    "minAge": 18,
    "universeLabel": "Adults 18+",
    "regionSupport": "modeled",
    "generatedAt": "2026-01-04T01:55:41.907371+00:00",
    "definition": "BMI >= 30 based on _BMI5 or _BMI5CAT recode. Missing height/weight excluded.",
    "implied_prevalence": 0.3332
  },
  "prob_by_cell": {
    "ne_male_18_24": 0.181916,
    "ne_male_25_34": 0.296876,
    "ne_male_35_44": 0.332491,
    "ne_male_45_54": 0.35602,
    "ne_male_55_64": 0.342259,
    "ne_male_65_plus": 0.258841,
    "ne_female_18_24": 0.19488,
    "ne_female_25_34": 0.314879,
    "ne_female_35_44": 0.351574,
    "ne_female_45_54": 0.375693,
    "ne_female_55_64": 0.361599,
    "ne_female_65_plus": 0.275441,
    "mw_male_18_24": 0.223765,
    "mw_male_25_34": 0.353736,
    "mw_male_35_44": 0.392366,
    "mw_male_45_54": 0.417482,
    "mw_male_55_64": 0.402832,
    "mw_male_65_plus": 0.311646,
    "mw_female_18_24": 0.238841,
    "mw_female_25_34": 0.373356,
    "mw_female_35_44": 0.412761,
    "mw_female_45_54": 0.43824,
    "mw_female_55_64": 0.423391,
    "mw_female_65_plus": 0.330124,
    "so_male_18_24": 0.212119,
    "so_male_25_34": 0.338274,
    "so_male_35_44": 0.376199,
    "so_male_45_54": 0.400962,
    "so_male_55_64": 0.386507,
    "so_male_65_plus": 0.297177,
    "so_female_18_24": 0.22664,
    "so_female_25_34": 0.357511,
    "so_female_35_44": 0.396301,
    "so_female_45_54": 0.421494,
    "so_female_55_64": 0.406801,
    "so_female_65_plus": 0.31519,
    "we_male_18_24": 0.180682,
    "we_male_25_34": 0.295144,
    "we_male_35_44": 0.330649,
    "we_male_45_54": 0.354117,
    "we_male_55_64": 0.340391,
    "we_male_65_plus": 0.25725,
    "we_female_18_24": 0.193579,
    "we_female_25_34": 0.313089,
    "we_female_35_44": 0.349682,
    "we_female_45_54": 0.373746,
    "we_female_55_64": 0.359683,
    "we_female_65_plus": 0.273786,
    "ne_male_0_17": 0.0,
    "ne_female_0_17": 0.0,
    "mw_male_0_17": 0.0,
    "mw_female_0_17": 0.0,
    "so_male_0_17": 0.0,
    "so_female_0_17": 0.0,
    "we_male_0_17": 0.0,
    "we_female_0_17": 0.0
  }
}