{
  "meta": {
    "source": "ATUS 2024",
    "year": 2024,
    "method": "weighted_logit",
    "features": [
      "sex_key",
      "age_band"
    ],
    "minAge": 18,
    "universeLabel": "Adults 18+",
    "regionSupport": "national_only",
    "generatedAt": "2026-01-04T01:55:48.059706+00:00",
    "definition": "Spent 30+ minutes on sports, exercise, or recreation activities today.",
    "columns_used": [
      "t130116",
      "t130218",
      "t130114",
      "t130136",
      "t130131",
      "t130210",
      "t130224",
      "t130128",
      "t130108",
      "t130122"
    ],
    "threshold_minutes": 30,
    "implied_prevalence": 0.1873,
    "notes": "Region term excluded; national model."
  },
  "prob_by_cell": {
    "ne_male_18_24": 0.251661,
    "ne_male_25_34": 0.189719,
    "ne_male_35_44": 0.167773,
    "ne_male_45_54": 0.225432,
    "ne_male_55_64": 0.1897,
    "ne_male_65_plus": 0.210961,
    "ne_female_18_24": 0.214303,
    "ne_female_25_34": 0.159594,
    "ne_female_35_44": 0.140529,
    "ne_female_45_54": 0.190974,
    "ne_female_55_64": 0.159579,
    "ne_female_65_plus": 0.178206,
    "mw_male_18_24": 0.251661,
    "mw_male_25_34": 0.189719,
    "mw_male_35_44": 0.167773,
    "mw_male_45_54": 0.225432,
    "mw_male_55_64": 0.1897,
    "mw_male_65_plus": 0.210961,
    "mw_female_18_24": 0.214303,
    "mw_female_25_34": 0.159594,
    "mw_female_35_44": 0.140529,
    "mw_female_45_54": 0.190974,
    "mw_female_55_64": 0.159579,
    "mw_female_65_plus": 0.178206,
    "so_male_18_24": 0.251661,
    "so_male_25_34": 0.189719,
    "so_male_35_44": 0.167773,
    "so_male_45_54": 0.225432,
    "so_male_55_64": 0.1897,
    "so_male_65_plus": 0.210961,
    "so_female_18_24": 0.214303,
    "so_female_25_34": 0.159594,
    "so_female_35_44": 0.140529,
    "so_female_45_54": 0.190974,
    "so_female_55_64": 0.159579,
    "so_female_65_plus": 0.178206,
    "we_male_18_24": 0.251661,
    "we_male_25_34": 0.189719,
    "we_male_35_44": 0.167773,
    "we_male_45_54": 0.225432,
    "we_male_55_64": 0.1897,
    "we_male_65_plus": 0.210961,
    "we_female_18_24": 0.214303,
    "we_female_25_34": 0.159594,
    "we_female_35_44": 0.140529,
    "we_female_45_54": 0.190974,
    "we_female_55_64": 0.159579,
    "we_female_65_plus": 0.178206,
    "ne_male_0_17": 0.0,
    "ne_female_0_17": 0.0,
    "mw_male_0_17": 0.0,
    "mw_female_0_17": 0.0,
    "so_male_0_17": 0.0,
    "so_female_0_17": 0.0,
    "we_male_0_17": 0.0,
    "we_female_0_17": 0.0
  }
}