{
  "meta": {
    "source": "ATUS 2024",
    "year": 2024,
    "method": "weighted_logit",
    "features": [
      "sex_key",
      "age_band"
    ],
    "minAge": 18,
    "universeLabel": "Adults 18+",
    "regionSupport": "national_only",
    "generatedAt": "2026-01-04T03:07:57.720393+00:00",
    "definition": "Participated in any volunteer or civic activities today.",
    "columns_used": [
      "t150104",
      "t150103",
      "t150101",
      "t150401",
      "t150203",
      "t150102",
      "t150801",
      "t150204",
      "t150701",
      "t150899"
    ],
    "threshold_minutes": 1,
    "implied_prevalence": 0.0473,
    "notes": "Region term excluded; national model."
  },
  "prob_by_cell": {
    "ne_male_18_24": 0.016587,
    "ne_male_25_34": 0.023721,
    "ne_male_35_44": 0.037434,
    "ne_male_45_54": 0.042321,
    "ne_male_55_64": 0.037317,
    "ne_male_65_plus": 0.0705,
    "ne_female_18_24": 0.021825,
    "ne_female_25_34": 0.03114,
    "ne_female_35_44": 0.048927,
    "ne_female_45_54": 0.055229,
    "ne_female_55_64": 0.048776,
    "ne_female_65_plus": 0.091183,
    "mw_male_18_24": 0.016587,
    "mw_male_25_34": 0.023721,
    "mw_male_35_44": 0.037434,
    "mw_male_45_54": 0.042321,
    "mw_male_55_64": 0.037317,
    "mw_male_65_plus": 0.0705,
    "mw_female_18_24": 0.021825,
    "mw_female_25_34": 0.03114,
    "mw_female_35_44": 0.048927,
    "mw_female_45_54": 0.055229,
    "mw_female_55_64": 0.048776,
    "mw_female_65_plus": 0.091183,
    "so_male_18_24": 0.016587,
    "so_male_25_34": 0.023721,
    "so_male_35_44": 0.037434,
    "so_male_45_54": 0.042321,
    "so_male_55_64": 0.037317,
    "so_male_65_plus": 0.0705,
    "so_female_18_24": 0.021825,
    "so_female_25_34": 0.03114,
    "so_female_35_44": 0.048927,
    "so_female_45_54": 0.055229,
    "so_female_55_64": 0.048776,
    "so_female_65_plus": 0.091183,
    "we_male_18_24": 0.016587,
    "we_male_25_34": 0.023721,
    "we_male_35_44": 0.037434,
    "we_male_45_54": 0.042321,
    "we_male_55_64": 0.037317,
    "we_male_65_plus": 0.0705,
    "we_female_18_24": 0.021825,
    "we_female_25_34": 0.03114,
    "we_female_35_44": 0.048927,
    "we_female_45_54": 0.055229,
    "we_female_55_64": 0.048776,
    "we_female_65_plus": 0.091183,
    "ne_male_0_14": 0.0,
    "ne_male_15_17": 0.0,
    "ne_female_0_14": 0.0,
    "ne_female_15_17": 0.0,
    "mw_male_0_14": 0.0,
    "mw_male_15_17": 0.0,
    "mw_female_0_14": 0.0,
    "mw_female_15_17": 0.0,
    "so_male_0_14": 0.0,
    "so_male_15_17": 0.0,
    "so_female_0_14": 0.0,
    "so_female_15_17": 0.0,
    "we_male_0_14": 0.0,
    "we_male_15_17": 0.0,
    "we_female_0_14": 0.0,
    "we_female_15_17": 0.0
  }
}