{
  "meta": {
    "source": "ATUS 2024",
    "year": 2024,
    "method": "weighted_logit",
    "features": [
      "sex_key",
      "age_band"
    ],
    "minAge": 18,
    "universeLabel": "Adults 18+ (ATUS is 15+; limited by age bands)",
    "regionSupport": "national_only",
    "generatedAt": "2026-01-04T03:07:57.610058+00:00",
    "definition": "Respondents with at least 60 minutes per day caring for/helping household children.",
    "columns_used": [
      "t030110",
      "t030299",
      "t030102",
      "t030111",
      "t030504",
      "t030112",
      "t030302",
      "t030503",
      "t030109",
      "t030599"
    ],
    "threshold_minutes": 60,
    "implied_prevalence": 0.1354,
    "notes": "Region term excluded; national model."
  },
  "prob_by_cell": {
    "ne_male_18_24": 0.053991,
    "ne_male_25_34": 0.153747,
    "ne_male_35_44": 0.259012,
    "ne_male_45_54": 0.104267,
    "ne_male_55_64": 0.031238,
    "ne_male_65_plus": 0.018333,
    "ne_female_18_24": 0.097353,
    "ne_female_25_34": 0.255581,
    "ne_female_35_44": 0.397793,
    "ne_female_45_54": 0.18031,
    "ne_female_55_64": 0.057435,
    "ne_female_65_plus": 0.034089,
    "mw_male_18_24": 0.053991,
    "mw_male_25_34": 0.153747,
    "mw_male_35_44": 0.259012,
    "mw_male_45_54": 0.104267,
    "mw_male_55_64": 0.031238,
    "mw_male_65_plus": 0.018333,
    "mw_female_18_24": 0.097353,
    "mw_female_25_34": 0.255581,
    "mw_female_35_44": 0.397793,
    "mw_female_45_54": 0.18031,
    "mw_female_55_64": 0.057435,
    "mw_female_65_plus": 0.034089,
    "so_male_18_24": 0.053991,
    "so_male_25_34": 0.153747,
    "so_male_35_44": 0.259012,
    "so_male_45_54": 0.104267,
    "so_male_55_64": 0.031238,
    "so_male_65_plus": 0.018333,
    "so_female_18_24": 0.097353,
    "so_female_25_34": 0.255581,
    "so_female_35_44": 0.397793,
    "so_female_45_54": 0.18031,
    "so_female_55_64": 0.057435,
    "so_female_65_plus": 0.034089,
    "we_male_18_24": 0.053991,
    "we_male_25_34": 0.153747,
    "we_male_35_44": 0.259012,
    "we_male_45_54": 0.104267,
    "we_male_55_64": 0.031238,
    "we_male_65_plus": 0.018333,
    "we_female_18_24": 0.097353,
    "we_female_25_34": 0.255581,
    "we_female_35_44": 0.397793,
    "we_female_45_54": 0.18031,
    "we_female_55_64": 0.057435,
    "we_female_65_plus": 0.034089,
    "ne_male_0_14": 0.0,
    "ne_male_15_17": 0.0,
    "ne_female_0_14": 0.0,
    "ne_female_15_17": 0.0,
    "mw_male_0_14": 0.0,
    "mw_male_15_17": 0.0,
    "mw_female_0_14": 0.0,
    "mw_female_15_17": 0.0,
    "so_male_0_14": 0.0,
    "so_male_15_17": 0.0,
    "so_female_0_14": 0.0,
    "so_female_15_17": 0.0,
    "we_male_0_14": 0.0,
    "we_male_15_17": 0.0,
    "we_female_0_14": 0.0,
    "we_female_15_17": 0.0
  }
}