{
  "meta": {
    "source": "BRFSS 2024",
    "year": 2024,
    "method": "weighted_logit",
    "features": [
      "sex",
      "age_band",
      "region"
    ],
    "minAge": 18,
    "universeLabel": "Adults 18+",
    "regionSupport": "modeled",
    "generatedAt": "2026-01-04T01:55:37.594695+00:00",
    "definition": "Adults reporting any leisure-time physical activity. Uses _TOTINDA recode when present.",
    "implied_prevalence": 0.7755
  },
  "prob_by_cell": {
    "ne_male_18_24": 0.862204,
    "ne_male_25_34": 0.840606,
    "ne_male_35_44": 0.821926,
    "ne_male_45_54": 0.802616,
    "ne_male_55_64": 0.781292,
    "ne_male_65_plus": 0.753442,
    "ne_female_18_24": 0.824321,
    "ne_female_25_34": 0.798176,
    "ne_female_35_44": 0.775849,
    "ne_female_45_54": 0.753043,
    "ne_female_55_64": 0.728178,
    "ne_female_65_plus": 0.696194,
    "mw_male_18_24": 0.860801,
    "mw_male_25_34": 0.839025,
    "mw_male_35_44": 0.820199,
    "mw_male_45_54": 0.800747,
    "mw_male_55_64": 0.779277,
    "mw_male_65_plus": 0.751251,
    "mw_female_18_24": 0.822612,
    "mw_female_25_34": 0.796275,
    "mw_female_35_44": 0.773798,
    "mw_female_45_54": 0.75085,
    "mw_female_55_64": 0.725845,
    "mw_female_65_plus": 0.693702,
    "so_male_18_24": 0.846095,
    "so_male_25_34": 0.822492,
    "so_male_35_44": 0.802189,
    "so_male_45_54": 0.781307,
    "so_male_55_64": 0.758375,
    "so_male_65_plus": 0.72862,
    "so_female_18_24": 0.804786,
    "so_female_25_34": 0.776521,
    "so_female_35_44": 0.752542,
    "so_female_45_54": 0.728196,
    "so_female_55_64": 0.701819,
    "so_female_65_plus": 0.668147,
    "we_male_18_24": 0.876168,
    "we_male_25_34": 0.856394,
    "we_male_35_44": 0.839211,
    "we_male_45_54": 0.821367,
    "we_male_55_64": 0.801569,
    "we_male_65_plus": 0.775558,
    "we_female_18_24": 0.841418,
    "we_female_25_34": 0.817253,
    "we_female_35_44": 0.796498,
    "we_female_45_54": 0.775185,
    "we_female_55_64": 0.751814,
    "we_female_65_plus": 0.721548,
    "ne_male_0_17": 0.0,
    "ne_female_0_17": 0.0,
    "mw_male_0_17": 0.0,
    "mw_female_0_17": 0.0,
    "so_male_0_17": 0.0,
    "so_female_0_17": 0.0,
    "we_male_0_17": 0.0,
    "we_female_0_17": 0.0
  }
}