{
  "meta": {
    "source": "BRFSS 2024",
    "year": 2024,
    "method": "weighted_logit",
    "features": [
      "sex",
      "age_band",
      "region"
    ],
    "minAge": 18,
    "universeLabel": "Adults 18+",
    "regionSupport": "modeled",
    "generatedAt": "2026-01-04T01:55:35.359098+00:00",
    "definition": "Current cigarette smoker using _SMOKER3 (1=every day, 2=some days). Former smokers (3) and never smokers (4) are coded as non-smokers. Missing/refused (9) are excluded.",
    "implied_prevalence": 0.11
  },
  "prob_by_cell": {
    "ne_male_18_24": 0.050263,
    "ne_male_25_34": 0.100968,
    "ne_male_35_44": 0.146621,
    "ne_male_45_54": 0.147563,
    "ne_male_55_64": 0.146538,
    "ne_male_65_plus": 0.085943,
    "ne_female_18_24": 0.039176,
    "ne_female_25_34": 0.079635,
    "ne_female_35_44": 0.116897,
    "ne_female_45_54": 0.117674,
    "ne_female_55_64": 0.116828,
    "ne_female_65_plus": 0.067546,
    "mw_male_18_24": 0.065039,
    "mw_male_25_34": 0.12863,
    "mw_male_35_44": 0.184228,
    "mw_male_45_54": 0.18536,
    "mw_male_55_64": 0.184128,
    "mw_male_65_plus": 0.109993,
    "mw_female_18_24": 0.050868,
    "mw_female_25_34": 0.102117,
    "mw_female_35_44": 0.148204,
    "mw_female_45_54": 0.149155,
    "mw_female_55_64": 0.14812,
    "mw_female_65_plus": 0.086938,
    "so_male_18_24": 0.058753,
    "so_male_25_34": 0.116968,
    "so_male_35_44": 0.1685,
    "so_male_45_54": 0.169555,
    "so_male_55_64": 0.168407,
    "so_male_65_plus": 0.099827,
    "so_female_18_24": 0.045884,
    "so_female_25_34": 0.092603,
    "so_female_35_44": 0.135042,
    "so_female_45_54": 0.135922,
    "so_female_55_64": 0.134965,
    "so_female_65_plus": 0.078714,
    "we_male_18_24": 0.04271,
    "we_male_25_34": 0.086489,
    "we_male_35_44": 0.126516,
    "we_male_45_54": 0.127349,
    "we_male_55_64": 0.126443,
    "we_male_65_plus": 0.073443,
    "we_female_18_24": 0.033231,
    "we_female_25_34": 0.067984,
    "we_female_35_44": 0.100389,
    "we_female_45_54": 0.101069,
    "we_female_55_64": 0.100329,
    "we_female_65_plus": 0.057553,
    "ne_male_0_17": 0.0,
    "ne_female_0_17": 0.0,
    "mw_male_0_17": 0.0,
    "mw_female_0_17": 0.0,
    "so_male_0_17": 0.0,
    "so_female_0_17": 0.0,
    "we_male_0_17": 0.0,
    "we_female_0_17": 0.0
  }
}