{
  "meta": {
    "source": "BRFSS 2024",
    "year": 2024,
    "method": "weighted_logit",
    "features": [
      "sex",
      "age_band",
      "region"
    ],
    "generatedAt": "2025-12-30T06:30:55.789518+00:00",
    "definition": "Current cigarette smoker using CDC recode (_RFSMOK3 if available). Fallback derives from SMOKE100 (ever smoked 100 cigarettes) and SMOKDAY2 (current frequency)."
  },
  "prob_by_cell": {
    "ne_male_18_24": 0.949737,
    "ne_male_25_34": 0.899032,
    "ne_male_35_44": 0.853379,
    "ne_male_45_54": 0.852437,
    "ne_male_55_64": 0.853462,
    "ne_male_65_plus": 0.914057,
    "ne_female_18_24": 0.960824,
    "ne_female_25_34": 0.920365,
    "ne_female_35_44": 0.883103,
    "ne_female_45_54": 0.882326,
    "ne_female_55_64": 0.883172,
    "ne_female_65_plus": 0.932454,
    "mw_male_18_24": 0.934961,
    "mw_male_25_34": 0.87137,
    "mw_male_35_44": 0.815772,
    "mw_male_45_54": 0.81464,
    "mw_male_55_64": 0.815872,
    "mw_male_65_plus": 0.890007,
    "mw_female_18_24": 0.949132,
    "mw_female_25_34": 0.897883,
    "mw_female_35_44": 0.851796,
    "mw_female_45_54": 0.850845,
    "mw_female_55_64": 0.85188,
    "mw_female_65_plus": 0.913062,
    "so_male_18_24": 0.941247,
    "so_male_25_34": 0.883032,
    "so_male_35_44": 0.8315,
    "so_male_45_54": 0.830445,
    "so_male_55_64": 0.831593,
    "so_male_65_plus": 0.900173,
    "so_female_18_24": 0.954116,
    "so_female_25_34": 0.907397,
    "so_female_35_44": 0.864958,
    "so_female_45_54": 0.864078,
    "so_female_55_64": 0.865035,
    "so_female_65_plus": 0.921286,
    "we_male_18_24": 0.95729,
    "we_male_25_34": 0.913511,
    "we_male_35_44": 0.873484,
    "we_male_45_54": 0.872651,
    "we_male_55_64": 0.873557,
    "we_male_65_plus": 0.926557,
    "we_female_18_24": 0.966769,
    "we_female_25_34": 0.932016,
    "we_female_35_44": 0.899611,
    "we_female_45_54": 0.898931,
    "we_female_55_64": 0.899671,
    "we_female_65_plus": 0.942447
  }
}