{
  "meta": {
    "source": "ATUS 2024",
    "year": 2024,
    "method": "weighted_logit",
    "features": [
      "sex_key",
      "age_band"
    ],
    "minAge": 18,
    "universeLabel": "Adults 18+",
    "regionSupport": "national_only",
    "generatedAt": "2026-01-04T01:55:48.086173+00:00",
    "definition": "Participated in any religious or spiritual activities today.",
    "columns_used": [
      "t140105",
      "t140101",
      "t140102",
      "t140103"
    ],
    "threshold_minutes": 1,
    "implied_prevalence": 0.0878,
    "notes": "Region term excluded; national model."
  },
  "prob_by_cell": {
    "ne_male_18_24": 0.047397,
    "ne_male_25_34": 0.028886,
    "ne_male_35_44": 0.051033,
    "ne_male_45_54": 0.073561,
    "ne_male_55_64": 0.073748,
    "ne_male_65_plus": 0.127688,
    "ne_female_18_24": 0.069825,
    "ne_female_25_34": 0.04295,
    "ne_female_35_44": 0.075047,
    "ne_female_45_54": 0.10698,
    "ne_female_55_64": 0.107242,
    "ne_female_65_plus": 0.180897,
    "mw_male_18_24": 0.047397,
    "mw_male_25_34": 0.028886,
    "mw_male_35_44": 0.051033,
    "mw_male_45_54": 0.073561,
    "mw_male_55_64": 0.073748,
    "mw_male_65_plus": 0.127688,
    "mw_female_18_24": 0.069825,
    "mw_female_25_34": 0.04295,
    "mw_female_35_44": 0.075047,
    "mw_female_45_54": 0.10698,
    "mw_female_55_64": 0.107242,
    "mw_female_65_plus": 0.180897,
    "so_male_18_24": 0.047397,
    "so_male_25_34": 0.028886,
    "so_male_35_44": 0.051033,
    "so_male_45_54": 0.073561,
    "so_male_55_64": 0.073748,
    "so_male_65_plus": 0.127688,
    "so_female_18_24": 0.069825,
    "so_female_25_34": 0.04295,
    "so_female_35_44": 0.075047,
    "so_female_45_54": 0.10698,
    "so_female_55_64": 0.107242,
    "so_female_65_plus": 0.180897,
    "we_male_18_24": 0.047397,
    "we_male_25_34": 0.028886,
    "we_male_35_44": 0.051033,
    "we_male_45_54": 0.073561,
    "we_male_55_64": 0.073748,
    "we_male_65_plus": 0.127688,
    "we_female_18_24": 0.069825,
    "we_female_25_34": 0.04295,
    "we_female_35_44": 0.075047,
    "we_female_45_54": 0.10698,
    "we_female_55_64": 0.107242,
    "we_female_65_plus": 0.180897,
    "ne_male_0_17": 0.0,
    "ne_female_0_17": 0.0,
    "mw_male_0_17": 0.0,
    "mw_female_0_17": 0.0,
    "so_male_0_17": 0.0,
    "so_female_0_17": 0.0,
    "we_male_0_17": 0.0,
    "we_female_0_17": 0.0
  }
}