{
  "meta": {
    "year": 2024,
    "source": "ACS 1-year",
    "generatedAt": "2025-12-17T03:25:28.219Z"
  },
  "totalPopulation": 340110990,
  "dimensions": {
    "sex": {
      "male": {
        "count": 168294343,
        "share": 0.4948218315438734
      },
      "female": {
        "count": 171816647,
        "share": 0.5051781684561266
      }
    },
    "race": {
      "white": {
        "count": 203349963,
        "share": 0.5978929495927198
      },
      "black": {
        "count": 41115988,
        "share": 0.12088991302515688
      },
      "asian": {
        "count": 21333453,
        "share": 0.06272497398569803
      },
      "other": {
        "count": 74311586,
        "share": 0.21849216339642538
      }
    },
    "region": {
      "northeast": {
        "count": 57832935,
        "share": 0.17004135914573063
      },
      "midwest": {
        "count": 69596585,
        "share": 0.20462903889109846
      },
      "south": {
        "count": 132665693,
        "share": 0.39006588114074175
      },
      "west": {
        "count": 80015777,
        "share": 0.23526372082242916
      }
    },
    "employment": {
      "employed": {
        "count": 167292666,
        "share": 0.4918766841377281
      },
      "unemployed": {
        "count": 8116175,
        "share": 0.02386331297321501
      },
      "notInLabor": {
        "count": 99568065,
        "share": 0.2927516837959279
      }
    },
    "age": {
      "age0to17": {
        "count": 72929312,
        "share": 0.21442797834906777
      },
      "age18to34": {
        "count": 77469364,
        "share": 0.22777671488945417
      },
      "age35to54": {
        "count": 86779770,
        "share": 0.25515132574810356
      },
      "age55to74": {
        "count": 77272352,
        "share": 0.22719745692428228
      },
      "age75plus": {
        "count": 25660192,
        "share": 0.0754465240890922
      }
    },
    "children": {
      "hasChildren": {
        "count": 62903547,
        "share": 0.18495005911909543
      },
      "noChildren": {
        "count": 277207442,
        "share": 0.8150499408809045
      }
    },
    "income": {
      "under25k": {
        "count": 54417758,
        "share": 0.16
      },
      "income25to50k": {
        "count": 57618668,
        "share": 0.1694
      },
      "income50to75k": {
        "count": 51016649,
        "share": 0.15
      },
      "income75to100k": {
        "count": 40813318,
        "share": 0.12
      },
      "income100to150k": {
        "count": 51016649,
        "share": 0.15
      },
      "over150k": {
        "count": 85227948,
        "share": 0.2506
      }
    },
    "education": {
      "lessThanHighSchool": {
        "count": 37412209,
        "share": 0.11
      },
      "highSchool": {
        "count": 91829867,
        "share": 0.27
      },
      "someCollege": {
        "count": 68022198,
        "share": 0.20
      },
      "bachelors": {
        "count": 71623308,
        "share": 0.2106
      },
      "graduate": {
        "count": 44614429,
        "share": 0.1312
      }
    },
    "householdType": {
      "marriedCouple": {
        "count": 163253335,
        "share": 0.48
      },
      "singleParent": {
        "count": 40813318,
        "share": 0.12
      },
      "livingAlone": {
        "count": 95631078,
        "share": 0.2812
      },
      "otherHousehold": {
        "count": 40413259,
        "share": 0.1188
      }
    }
  }
}
