{
  "meta": {
    "year": 2024,
    "source": "ACS 1-year",
    "generatedAt": "2025-11-30T22:47:33.706Z"
  },
  "totalPopulation": 340110990,
  "dimensions": {
    "sex": {
      "male": {
        "count": 168294343,
        "share": 0.4948218315438734
      },
      "female": {
        "count": 171816647,
        "share": 0.5051781684561266
      }
    },
    "race": {
      "white": {
        "count": 203349963,
        "share": 0.5978929495927198
      },
      "black": {
        "count": 41115988,
        "share": 0.12088991302515688
      },
      "asian": {
        "count": 21333453,
        "share": 0.06272497398569803
      },
      "other": {
        "count": 74311586,
        "share": 0.21849216339642538
      }
    },
    "region": {
      "northeast": {
        "count": 57832935,
        "share": 0.17004135914573063
      },
      "midwest": {
        "count": 69596585,
        "share": 0.20462903889109846
      },
      "south": {
        "count": 132665693,
        "share": 0.39006588114074175
      },
      "west": {
        "count": 80015777,
        "share": 0.23526372082242916
      }
    },
    "employment": {
      "employed": {
        "count": 167292666,
        "share": 0.4918766841377281
      },
      "unemployed": {
        "count": 8116175,
        "share": 0.02386331297321501
      },
      "notInLabor": {
        "count": 99568065,
        "share": 0.2927516837959279
      }
    }
  }
}
